use projetofsj;
-- 1. DESATIVA TEMPORARIAMENTE A VERIFICAÇÃO DE CHAVES ESTRANGEIRAS
-- Isso permite apagar dados de tabelas pai antes das tabelas filhas.
SET FOREIGN_KEY_CHECKS = 0;

-- 2. LIMPEZA DOS DADOS E REINÍCIO DOS CONTADORES AUTO_INCREMENT (TRUNCATE)

-- Tabelas Dependentes (limpar primeiro)
TRUNCATE TABLE TRATAMENTO;
TRUNCATE TABLE MOVIMENTO_LOTE;

-- Tabelas Principais/Intermediárias
TRUNCATE TABLE LOTE;
TRUNCATE TABLE PASTO;
TRUNCATE TABLE BOVINO;
TRUNCATE TABLE FUNCIONARIO;

-- Tabelas Auxiliares (limpar por último ou após dependentes)
TRUNCATE TABLE FORNECEDOR;
TRUNCATE TABLE FUNCAO;

-- 3. REATIVA A VERIFICAÇÃO DE CHAVES ESTRANGEIRAS
-- É crucial reativar isso para garantir a integridade do banco de dados para futuras operações.
SET FOREIGN_KEY_CHECKS = 1;

-- Confirmação opcional (pode ser executado após o script)
-- SELECT 'Limpeza e reinicialização concluídas!';



INSERT INTO FUNCAO (nome_funcao, descricao, nivel_hierarquico) VALUES
('Gerente Geral', 'Responsável pela gestão de toda a fazenda.', 1),
('Veterinário Chefe', 'Supervisiona a saúde do rebanho.', 2),
('Gerente de Pecuária', 'Lidera o manejo de pastos e lotes.', 2),
('Capataz', 'Supervisiona as equipes de campo.', 3),
('Tratador de Gado Senior', 'Responsável pelo manejo diário do gado.', 4),
('Tratador de Gado Junior', 'Auxilia no manejo diário do gado.', 5),
('Administrativo', 'Controle financeiro e administrativo.', 3),
('Motorista', 'Transporte de insumos e animais.', 5),
('Auxiliar de Serviços Gerais', 'Manutenção geral da fazenda.', 5),
('Estagiário', 'Apoio às áreas técnica e de campo.', 6);

INSERT INTO FORNECEDOR (nome_fantasia, cnpj, tipo_insumo) VALUES
('Agro Vacinas A', '00.000.000/0001-01', 'Vacinas'),
('Rações Pampa B', '00.000.000/0002-02', 'Ração e Suplementos'),
('Farmácia Animal C', '00.000.000/0003-03', 'Medicamentos'),
('Cercas Estrutura D', '00.000.000/0004-04', 'Material de Cercamento'),
('Vet Service E', '00.000.000/0005-05', 'Serviços Veterinários'),
('Distribuidora F', '00.000.000/0006-06', 'Vacinas'),
('Rações Bahia G', '00.000.000/0007-07', 'Ração e Suplementos'),
('Farmacêutica H', '00.000.000/0008-08', 'Medicamentos'),
('Construtora I', '00.000.000/0009-09', 'Material de Cercamento'),
('Consultoria J', '00.000.000/0010-10', 'Serviços Veterinários'),
('Insumos K', '00.000.000/0011-11', 'Vacinas'),
('Alimentos L', '00.000.000/0012-12', 'Ração e Suplementos'),
('Saúde M', '00.000.000/0013-13', 'Medicamentos'),
('Ferro N', '00.000.000/0014-14', 'Material de Cercamento'),
('Dr. Agro O', '00.000.000/0015-15', 'Serviços Veterinários'),
('Fornecedor P', '00.000.000/0016-16', 'Vacinas'),
('Fornecedor Q', '00.000.000/0017-17', 'Ração e Suplementos'),
('Fornecedor R', '00.000.000/0018-18', 'Medicamentos'),
('Fornecedor S', '00.000.000/0019-19', 'Material de Cercamento'),
('Fornecedor T', '00.000.000/0020-20', 'Serviços Veterinários'),
('Fornecedor U', '00.000.000/0021-21', 'Vacinas'),
('Fornecedor V', '00.000.000/0022-22', 'Ração e Suplementos'),
('Fornecedor W', '00.000.000/0023-23', 'Medicamentos'),
('Fornecedor X', '00.000.000/0024-24', 'Material de Cercamento'),
('Fornecedor Y', '00.000.000/0025-25', 'Serviços Veterinários'),
('Fornecedor 26', '00.000.000/0026-26', 'Vacinas'),
('Fornecedor 27', '00.000.000/0027-27', 'Ração e Suplementos'),
('Fornecedor 28', '00.000.000/0028-28', 'Medicamentos'),
('Fornecedor 29', '00.000.000/0029-29', 'Material de Cercamento'),
('Fornecedor 30', '00.000.000/0030-30', 'Serviços Veterinários'),
('Fornecedor 31', '00.000.000/0031-31', 'Vacinas'),
('Fornecedor 32', '00.000.000/0032-32', 'Ração e Suplementos'),
('Fornecedor 33', '00.000.000/0033-33', 'Medicamentos'),
('Fornecedor 34', '00.000.000/0034-34', 'Material de Cercamento'),
('Fornecedor 35', '00.000.000/0035-35', 'Serviços Veterinários'),
('Fornecedor 36', '00.000.000/0036-36', 'Vacinas'),
('Fornecedor 37', '00.000.000/0037-37', 'Ração e Suplementos'),
('Fornecedor 38', '00.000.000/0038-38', 'Medicamentos'),
('Fornecedor 39', '00.000.000/0039-39', 'Material de Cercamento'),
('Fornecedor 40', '00.000.000/0040-40', 'Serviços Veterinários'),
('Fornecedor 41', '00.000.000/0041-41', 'Vacinas'),
('Fornecedor 42', '00.000.000/0042-42', 'Ração e Suplementos'),
('Fornecedor 43', '00.000.000/0043-43', 'Medicamentos'),
('Fornecedor 44', '00.000.000/0044-44', 'Material de Cercamento'),
('Fornecedor 45', '00.000.000/0045-45', 'Serviços Veterinários'),
('Fornecedor 46', '00.000.000/0046-46', 'Vacinas'),
('Fornecedor 47', '00.000.000/0047-47', 'Ração e Suplementos'),
('Fornecedor 48', '00.000.000/0048-48', 'Medicamentos'),
('Fornecedor 49', '00.000.000/0049-49', 'Material de Cercamento'),
('Fornecedor 50', '00.000.000/0050-50', 'Serviços Veterinários'),
('Fornecedor 51', '00.000.000/0051-51', 'Vacinas'),
('Fornecedor 52', '00.000.000/0052-52', 'Ração e Suplementos'),
('Fornecedor 53', '00.000.000/0053-53', 'Medicamentos'),
('Fornecedor 54', '00.000.000/0054-54', 'Material de Cercamento'),
('Fornecedor 55', '00.000.000/0055-55', 'Serviços Veterinários'),
('Fornecedor 56', '00.000.000/0056-56', 'Vacinas'),
('Fornecedor 57', '00.000.000/0057-57', 'Ração e Suplementos'),
('Fornecedor 58', '00.000.000/0058-58', 'Medicamentos'),
('Fornecedor 59', '00.000.000/0059-59', 'Material de Cercamento'),
('Fornecedor 60', '00.000.000/0060-60', 'Serviços Veterinários'),
('Fornecedor 61', '00.000.000/0061-61', 'Vacinas'),
('Fornecedor 62', '00.000.000/0062-62', 'Ração e Suplementos'),
('Fornecedor 63', '00.000.000/0063-63', 'Medicamentos'),
('Fornecedor 64', '00.000.000/0064-64', 'Material de Cercamento'),
('Fornecedor 65', '00.000.000/0065-65', 'Serviços Veterinários'),
('Fornecedor 66', '00.000.000/0066-66', 'Vacinas'),
('Fornecedor 67', '00.000.000/0067-67', 'Ração e Suplementos'),
('Fornecedor 68', '00.000.000/0068-68', 'Medicamentos'),
('Fornecedor 69', '00.000.000/0069-69', 'Material de Cercamento'),
('Fornecedor 70', '00.000.000/0070-70', 'Serviços Veterinários'),
('Fornecedor 71', '00.000.000/0071-71', 'Vacinas'),
('Fornecedor 72', '00.000.000/0072-72', 'Ração e Suplementos'),
('Fornecedor 73', '00.000.000/0073-73', 'Medicamentos'),
('Fornecedor 74', '00.000.000/0074-74', 'Material de Cercamento'),
('Fornecedor 75', '00.000.000/0075-75', 'Serviços Veterinários'),
('Fornecedor 76', '00.000.000/0076-76', 'Vacinas'),
('Fornecedor 77', '00.000.000/0077-77', 'Ração e Suplementos'),
('Fornecedor 78', '00.000.000/0078-78', 'Medicamentos'),
('Fornecedor 79', '00.000.000/0079-79', 'Material de Cercamento'),
('Fornecedor 80', '00.000.000/0080-80', 'Serviços Veterinários'),
('Fornecedor 81', '00.000.000/0081-81', 'Vacinas'),
('Fornecedor 82', '00.000.000/0082-82', 'Ração e Suplementos'),
('Fornecedor 83', '00.000.000/0083-83', 'Medicamentos'),
('Fornecedor 84', '00.000.000/0084-84', 'Material de Cercamento'),
('Fornecedor 85', '00.000.000/0085-85', 'Serviços Veterinários'),
('Fornecedor 86', '00.000.000/0086-86', 'Vacinas'),
('Fornecedor 87', '00.000.000/0087-87', 'Ração e Suplementos'),
('Fornecedor 88', '00.000.000/0088-88', 'Medicamentos'),
('Fornecedor 89', '00.000.000/0089-89', 'Material de Cercamento'),
('Fornecedor 90', '00.000.000/0090-90', 'Serviços Veterinários'),
('Fornecedor 91', '00.000.000/0091-91', 'Vacinas'),
('Fornecedor 92', '00.000.000/0092-92', 'Ração e Suplementos'),
('Fornecedor 93', '00.000.000/0093-93', 'Medicamentos'),
('Fornecedor 94', '00.000.000/0094-94', 'Material de Cercamento'),
('Fornecedor 95', '00.000.000/0095-95', 'Serviços Veterinários'),
('Fornecedor 96', '00.000.000/0096-96', 'Vacinas'),
('Fornecedor 97', '00.000.000/0097-97', 'Ração e Suplementos'),
('Fornecedor 98', '00.000.000/0098-98', 'Medicamentos'),
('Fornecedor 99', '00.000.000/0099-99', 'Material de Cercamento'),
('Fornecedor 100', '00.000.000/0100-00', 'Serviços Veterinários');



INSERT INTO FUNCIONARIO (nome, cpf, data_contratacao, funcao_id, chefe_id) VALUES
('João Silva', '111.111.111-01', '2018-01-01', 1, NULL),
('Maria Souza', '111.111.111-02', '2019-03-15', 2, 1),
('Carlos Lima', '111.111.111-03', '2019-06-20', 3, 1),
('Pedro Alves', '111.111.111-04', '2020-01-10', 4, 3),
('Ana Oliveira', '111.111.111-05', '2020-05-01', 5, 4),
('Roberto Mota', '111.111.111-06', '2020-06-15', 5, 4),
('Laura Santos', '111.111.111-07', '2020-08-22', 6, 5),
('Felipe Gomes', '111.111.111-08', '2020-09-01', 7, 1),
('Patricia Costa', '111.111.111-09', '2021-01-05', 4, 3),
('Daniel Rocha', '111.111.111-10', '2021-02-14', 5, 4),
('Elaine Farias', '111.111.111-11', '2021-03-01', 5, 4),
('Gustavo Neves', '111.111.111-12', '2021-04-10', 6, 5),
('Helena Dias', '111.111.111-13', '2021-05-19', 6, 6),
('Ivan Pereira', '111.111.111-14', '2021-06-05', 8, 7),
('Julia Martins', '111.111.111-15', '2021-07-20', 5, 4),
('Lucas Xavier', '111.111.111-16', '2021-08-01', 5, 9),
('Monica Queiroz', '111.111.111-17', '2021-09-10', 6, 10),
('Nelson Vieira', '111.111.111-18', '2021-10-18', 6, 11),
('Olivia Mendes', '111.111.111-19', '2021-11-25', 5, 4),
('Paulo Cordeiro', '111.111.111-20', '2021-12-01', 9, 7),
('Funcionario 21', '111.111.111-21', '2022-01-01', 5, 9),
('Funcionario 22', '111.111.111-22', '2022-01-15', 5, 10),
('Funcionario 23', '111.111.111-23', '2022-02-01', 6, 11),
('Funcionario 24', '111.111.111-24', '2022-02-15', 6, 12),
('Funcionario 25', '111.111.111-25', '2022-03-01', 5, 13),
('Funcionario 26', '111.111.111-26', '2022-03-15', 5, 14),
('Funcionario 27', '111.111.111-27', '2022-04-01', 6, 15),
('Funcionario 28', '111.111.111-28', '2022-04-15', 6, 16),
('Funcionario 29', '111.111.111-29', '2022-05-01', 5, 17),
('Funcionario 30', '111.111.111-30', '2022-05-15', 5, 18),
('Funcionario 31', '111.111.111-31', '2022-06-01', 6, 19),
('Funcionario 32', '111.111.111-32', '2022-06-15', 6, 20),
('Funcionario 33', '111.111.111-33', '2022-07-01', 5, 21),
('Funcionario 34', '111.111.111-34', '2022-07-15', 5, 22),
('Funcionario 35', '111.111.111-35', '2022-08-01', 6, 23),
('Funcionario 36', '111.111.111-36', '2022-08-15', 6, 24),
('Funcionario 37', '111.111.111-37', '2022-09-01', 5, 25),
('Funcionario 38', '111.111.111-38', '2022-09-15', 5, 26),
('Funcionario 39', '111.111.111-39', '2022-10-01', 6, 27),
('Funcionario 40', '111.111.111-40', '2022-10-15', 6, 28),
('Funcionario 41', '111.111.111-41', '2022-11-01', 5, 29),
('Funcionario 42', '111.111.111-42', '2022-11-15', 5, 30),
('Funcionario 43', '111.111.111-43', '2022-12-01', 6, 31),
('Funcionario 44', '111.111.111-44', '2022-12-15', 6, 32),
('Funcionario 45', '111.111.111-45', '2023-01-01', 5, 33),
('Funcionario 46', '111.111.111-46', '2023-01-15', 5, 34),
('Funcionario 47', '111.111.111-47', '2023-02-01', 6, 35),
('Funcionario 48', '111.111.111-48', '2023-02-15', 6, 36),
('Funcionario 49', '111.111.111-49', '2023-03-01', 5, 37),
('Funcionario 50', '111.111.111-50', '2023-03-15', 5, 38),
('Funcionario 51', '111.111.111-51', '2023-04-01', 6, 39),
('Funcionario 52', '111.111.111-52', '2023-04-15', 6, 40),
('Funcionario 53', '111.111.111-53', '2023-05-01', 5, 41),
('Funcionario 54', '111.111.111-54', '2023-05-15', 5, 42),
('Funcionario 55', '111.111.111-55', '2023-06-01', 6, 43),
('Funcionario 56', '111.111.111-56', '2023-06-15', 6, 44),
('Funcionario 57', '111.111.111-57', '2023-07-01', 5, 45),
('Funcionario 58', '111.111.111-58', '2023-07-15', 5, 46),
('Funcionario 59', '111.111.111-59', '2023-08-01', 6, 47),
('Funcionario 60', '111.111.111-60', '2023-08-15', 6, 48),
('Funcionario 61', '111.111.111-61', '2023-09-01', 5, 49),
('Funcionario 62', '111.111.111-62', '2023-09-15', 5, 50),
('Funcionario 63', '111.111.111-63', '2023-10-01', 6, 51),
('Funcionario 64', '111.111.111-64', '2023-10-15', 6, 52),
('Funcionario 65', '111.111.111-65', '2023-11-01', 5, 53),
('Funcionario 66', '111.111.111-66', '2023-11-15', 5, 54),
('Funcionario 67', '111.111.111-67', '2023-12-01', 6, 55),
('Funcionario 68', '111.111.111-68', '2023-12-15', 6, 56),
('Funcionario 69', '111.111.111-69', '2024-01-01', 5, 57),
('Funcionario 70', '111.111.111-70', '2024-01-15', 5, 58),
('Funcionario 71', '111.111.111-71', '2024-02-01', 6, 59),
('Funcionario 72', '111.111.111-72', '2024-02-15', 6, 60),
('Funcionario 73', '111.111.111-73', '2024-03-01', 5, 61),
('Funcionario 74', '111.111.111-74', '2024-03-15', 5, 62),
('Funcionario 75', '111.111.111-75', '2024-04-01', 6, 63),
('Funcionario 76', '111.111.111-76', '2024-04-15', 6, 64),
('Funcionario 77', '111.111.111-77', '2024-05-01', 5, 65),
('Funcionario 78', '111.111.111-78', '2024-05-15', 5, 66),
('Funcionario 79', '111.111.111-79', '2024-06-01', 6, 67),
('Funcionario 80', '111.111.111-80', '2024-06-15', 6, 68),
('Funcionario 81', '111.111.111-81', '2024-07-01', 5, 69),
('Funcionario 82', '111.111.111-82', '2024-07-15', 5, 70),
('Funcionario 83', '111.111.111-83', '2024-08-01', 6, 71),
('Funcionario 84', '111.111.111-84', '2024-08-15', 6, 72),
('Funcionario 85', '111.111.111-85', '2024-09-01', 5, 73),
('Funcionario 86', '111.111.111-86', '2024-09-15', 5, 74),
('Funcionario 87', '111.111.111-87', '2024-10-01', 6, 75),
('Funcionario 88', '111.111.111-88', '2024-10-15', 6, 76),
('Funcionario 89', '111.111.111-89', '2024-11-01', 5, 77),
('Funcionario 90', '111.111.111-90', '2024-11-15', 5, 78),
('Funcionario 91', '111.111.111-91', '2024-12-01', 6, 79),
('Funcionario 92', '111.111.111-92', '2024-12-15', 6, 80),
('Funcionario 93', '111.111.111-93', '2025-01-01', 5, 81),
('Funcionario 94', '111.111.111-94', '2025-01-15', 5, 82),
('Funcionario 95', '111.111.111-95', '2025-02-01', 6, 83),
('Funcionario 96', '111.111.111-96', '2025-02-15', 6, 84),
('Funcionario 97', '111.111.111-97', '2025-03-01', 5, 85),
('Funcionario 98', '111.111.111-98', '2025-03-15', 5, 86),
('Funcionario 99', '111.111.111-99', '2025-04-01', 6, 87),
('Funcionario 100', '111.111.112-00', '2025-04-15', 6, 88);



INSERT INTO BOVINO (brinco, nome, sexo, data_nascimento, peso_kg, status, tipo_bovino, pai_brinco, mae_brinco) VALUES
('BR0001', 'Touro Alfa', 'M', '2022-01-01', 850.00, 'Reprodutor', 'Corte', NULL, NULL),
('BR0002', 'Matriz Beta', 'F', '2022-01-05', 650.00, 'Matriz', 'Corte', NULL, NULL),
('BR0003', 'Boi 003', 'M', '2024-01-10', 150.70, 'Recria', 'Corte', 'BR0001', 'BR0002'),
('BR0004', 'Vaca 004', 'F', '2024-01-15', 155.00, 'Recria', 'Corte', 'BR0001', 'BR0002'),
('BR0005', 'Boi 005', 'M', '2023-05-01', 510.00, 'Engorda', 'Corte', 'BR0001', 'BR0004'),
('BR0006', 'Vaca 006', 'F', '2023-05-05', 500.00, 'Matriz', 'Corte', 'BR0001', 'BR0002'),
('BR0007', 'Boi 007', 'M', '2024-03-01', 100.00, 'Recria', 'Corte', 'BR0005', 'BR0006'),
('BR0008', 'Vaca 008', 'F', '2024-03-05', 110.00, 'Recria', 'Corte', 'BR0005', 'BR0006'),
('BR0009', 'Boi 009', 'M', '2023-08-01', 450.00, 'Engorda', 'Corte', 'BR0001', 'BR0004'),
('BR0010', 'Vaca 010', 'F', '2023-08-05', 480.00, 'Engorda', 'Corte', 'BR0005', 'BR0006'),
('BR0011', 'Boi 011', 'M', '2022-05-01', 700.00, 'Reprodutor', 'Corte', 'BR0001', NULL),
('BR0012', 'Vaca 012', 'F', '2022-05-15', 600.00, 'Matriz', 'Corte', NULL, 'BR0002'),
('BR0013', 'Boi 013', 'M', '2024-05-01', 90.00, 'Recria', 'Corte', 'BR0011', 'BR0012'),
('BR0014', 'Vaca 014', 'F', '2024-05-05', 95.00, 'Recria', 'Corte', 'BR0011', 'BR0012'),
('BR0015', 'Boi 015', 'M', '2023-10-01', 400.00, 'Engorda', 'Corte', 'BR0005', 'BR0006'),
('BR0016', 'Vaca 016', 'F', '2023-10-05', 410.00, 'Engorda', 'Corte', 'BR0011', 'BR0012'),
('BR0017', 'Boi 017', 'M', '2024-06-01', 80.00, 'Recria', 'Corte', 'BR0001', 'BR0002'),
('BR0018', 'Vaca 018', 'F', '2024-06-05', 85.00, 'Recria', 'Corte', 'BR0005', 'BR0006'),
('BR0019', 'Boi 019', 'M', '2023-12-01', 350.00, 'Engorda', 'Corte', 'BR0011', 'BR0012'),
('BR0020', 'Vaca 020', 'F', '2023-12-05', 360.00, 'Engorda', 'Corte', 'BR0001', 'BR0004'),
('BR0021', 'Boi 021', 'M', '2024-07-01', 70.00, 'Recria', 'Corte', 'BR0005', 'BR0006'),
('BR0022', 'Vaca 022', 'F', '2024-07-05', 75.00, 'Recria', 'Corte', 'BR0011', 'BR0012'),
('BR0023', 'Boi 023', 'M', '2024-01-01', 180.00, 'Recria', 'Corte', 'BR0001', 'BR0002'),
('BR0024', 'Vaca 024', 'F', '2024-01-05', 185.00, 'Recria', 'Corte', 'BR0005', 'BR0006'),
('BR0025', 'Boi 025', 'M', '2024-02-01', 160.00, 'Recria', 'Corte', 'BR0011', 'BR0012'),
('BR0026', 'Vaca 026', 'F', '2024-02-05', 165.00, 'Recria', 'Corte', 'BR0001', 'BR0004'),
('BR0027', 'Boi 027', 'M', '2024-03-01', 140.00, 'Recria', 'Corte', 'BR0005', 'BR0006'),
('BR0028', 'Vaca 028', 'F', '2024-03-05', 145.00, 'Recria', 'Corte', 'BR0011', 'BR0012'),
('BR0029', 'Boi 029', 'M', '2024-04-01', 120.00, 'Recria', 'Corte', 'BR0001', 'BR0002'),
('BR0030', 'Vaca 030', 'F', '2024-04-05', 125.00, 'Recria', 'Corte', 'BR0005', 'BR0006'),
('BR0031', 'Boi 031', 'M', '2024-05-01', 100.00, 'Recria', 'Corte', 'BR0011', 'BR0012'),
('BR0032', 'Vaca 032', 'F', '2024-05-05', 105.00, 'Recria', 'Corte', 'BR0001', 'BR0004'),
('BR0033', 'Boi 033', 'M', '2024-06-01', 80.00, 'Recria', 'Corte', 'BR0005', 'BR0006'),
('BR0034', 'Vaca 034', 'F', '2024-06-05', 85.00, 'Recria', 'Corte', 'BR0011', 'BR0012'),
('BR0035', 'Boi 035', 'M', '2024-07-01', 60.00, 'Recria', 'Corte', 'BR0001', 'BR0002'),
('BR0036', 'Vaca 036', 'F', '2024-07-05', 65.00, 'Recria', 'Corte', 'BR0005', 'BR0006'),
('BR0037', 'Boi 037', 'M', '2024-08-01', 40.00, 'Recria', 'Corte', 'BR0011', 'BR0012'),
('BR0038', 'Vaca 038', 'F', '2024-08-05', 45.00, 'Recria', 'Corte', 'BR0001', 'BR0004'),
('BR0039', 'Boi 039', 'M', '2024-09-01', 30.00, 'Recria', 'Corte', 'BR0005', 'BR0006'),
('BR0040', 'Vaca 040', 'F', '2024-09-05', 35.00, 'Recria', 'Corte', 'BR0011', 'BR0012'),
('BR0041', 'Boi 041', 'M', '2023-01-01', 600.00, 'Engorda', 'Corte', 'BR0001', 'BR0002'),
('BR0042', 'Vaca 042', 'F', '2023-01-05', 550.00, 'Engorda', 'Corte', 'BR0005', 'BR0006'),
('BR0043', 'Boi 043', 'M', '2023-02-01', 580.00, 'Engorda', 'Corte', 'BR0011', 'BR0012'),
('BR0044', 'Vaca 044', 'F', '2023-02-05', 530.00, 'Engorda', 'Corte', 'BR0001', 'BR0004'),
('BR0045', 'Boi 045', 'M', '2023-03-01', 560.00, 'Engorda', 'Corte', 'BR0005', 'BR0006'),
('BR0046', 'Vaca 046', 'F', '2023-03-05', 510.00, 'Engorda', 'Corte', 'BR0011', 'BR0012'),
('BR0047', 'Boi 047', 'M', '2023-04-01', 540.00, 'Engorda', 'Corte', 'BR0001', 'BR0002'),
('BR0048', 'Vaca 048', 'F', '2023-04-05', 490.00, 'Engorda', 'Corte', 'BR0005', 'BR0006'),
('BR0049', 'Boi 049', 'M', '2023-05-01', 520.00, 'Engorda', 'Corte', 'BR0011', 'BR0012'),
('BR0050', 'Vaca 050', 'F', '2023-05-05', 470.00, 'Engorda', 'Corte', 'BR0001', 'BR0004'),
('BR0051', 'Boi 051', 'M', '2023-06-01', 500.00, 'Engorda', 'Corte', 'BR0005', 'BR0006'),
('BR0052', 'Vaca 052', 'F', '2023-06-05', 450.00, 'Engorda', 'Corte', 'BR0011', 'BR0012'),
('BR0053', 'Boi 053', 'M', '2023-07-01', 480.00, 'Engorda', 'Corte', 'BR0001', 'BR0002'),
('BR0054', 'Vaca 054', 'F', '2023-07-05', 430.00, 'Engorda', 'Corte', 'BR0005', 'BR0006'),
('BR0055', 'Boi 055', 'M', '2023-08-01', 460.00, 'Engorda', 'Corte', 'BR0011', 'BR0012'),
('BR0056', 'Vaca 056', 'F', '2023-08-05', 410.00, 'Engorda', 'Corte', 'BR0001', 'BR0004'),
('BR0057', 'Boi 057', 'M', '2023-09-01', 440.00, 'Engorda', 'Corte', 'BR0005', 'BR0006'),
('BR0058', 'Vaca 058', 'F', '2023-09-05', 390.00, 'Engorda', 'Corte', 'BR0011', 'BR0012'),
('BR0059', 'Boi 059', 'M', '2023-10-01', 420.00, 'Engorda', 'Corte', 'BR0001', 'BR0002'),
('BR0060', 'Vaca 060', 'F', '2023-10-05', 370.00, 'Engorda', 'Corte', 'BR0005', 'BR0006'),
('BR0061', 'Boi 061', 'M', '2023-11-01', 400.00, 'Engorda', 'Corte', 'BR0011', 'BR0012'),
('BR0062', 'Vaca 062', 'F', '2023-11-05', 350.00, 'Engorda', 'Corte', 'BR0001', 'BR0004'),
('BR0063', 'Boi 063', 'M', '2023-12-01', 380.00, 'Engorda', 'Corte', 'BR0005', 'BR0006'),
('BR0064', 'Vaca 064', 'F', '2023-12-05', 330.00, 'Engorda', 'Corte', 'BR0011', 'BR0012'),
('BR0065', 'Boi 065', 'M', '2024-01-01', 360.00, 'Engorda', 'Corte', 'BR0001', 'BR0002'),
('BR0066', 'Vaca 066', 'F', '2024-01-05', 310.00, 'Engorda', 'Corte', 'BR0005', 'BR0006'),
('BR0067', 'Boi 067', 'M', '2024-02-01', 340.00, 'Engorda', 'Corte', 'BR0011', 'BR0012'),
('BR0068', 'Vaca 068', 'F', '2024-02-05', 290.00, 'Engorda', 'Corte', 'BR0001', 'BR0004'),
('BR0069', 'Boi 069', 'M', '2024-03-01', 320.00, 'Engorda', 'Corte', 'BR0005', 'BR0006'),
('BR0070', 'Vaca 070', 'F', '2024-03-05', 270.00, 'Engorda', 'Corte', 'BR0011', 'BR0012'),
('BR0071', 'Boi 071', 'M', '2024-04-01', 300.00, 'Engorda', 'Corte', 'BR0001', 'BR0002'),
('BR0072', 'Vaca 072', 'F', '2024-04-05', 250.00, 'Engorda', 'Corte', 'BR0005', 'BR0006'),
('BR0073', 'Boi 073', 'M', '2024-05-01', 280.00, 'Engorda', 'Corte', 'BR0011', 'BR0012'),
('BR0074', 'Vaca 074', 'F', '2024-05-05', 230.00, 'Engorda', 'Corte', 'BR0001', 'BR0004'),
('BR0075', 'Boi 075', 'M', '2024-06-01', 260.00, 'Engorda', 'Corte', 'BR0005', 'BR0006'),
('BR0076', 'Vaca 076', 'F', '2024-06-05', 210.00, 'Engorda', 'Corte', 'BR0011', 'BR0012'),
('BR0077', 'Boi 077', 'M', '2024-07-01', 240.00, 'Engorda', 'Corte', 'BR0001', 'BR0002'),
('BR0078', 'Vaca 078', 'F', '2024-07-05', 190.00, 'Engorda', 'Corte', 'BR0005', 'BR0006'),
('BR0079', 'Boi 079', 'M', '2024-08-01', 220.00, 'Engorda', 'Corte', 'BR0011', 'BR0012'),
('BR0080', 'Vaca 080', 'F', '2024-08-05', 170.00, 'Engorda', 'Corte', 'BR0001', 'BR0004'),
('BR0081', 'Boi 081', 'M', '2024-09-01', 200.00, 'Engorda', 'Corte', 'BR0005', 'BR0006'),
('BR0082', 'Vaca 082', 'F', '2024-09-05', 150.00, 'Engorda', 'Corte', 'BR0011', 'BR0012'),
('BR0083', 'Boi 083', 'M', '2024-10-01', 180.00, 'Engorda', 'Corte', 'BR0001', 'BR0002'),
('BR0084', 'Vaca 084', 'F', '2024-10-05', 130.00, 'Engorda', 'Corte', 'BR0005', 'BR0006'),
('BR0085', 'Boi 085', 'M', '2024-11-01', 160.00, 'Engorda', 'Corte', 'BR0011', 'BR0012'),
('BR0086', 'Vaca 086', 'F', '2024-11-05', 110.00, 'Engorda', 'Corte', 'BR0001', 'BR0004'),
('BR0087', 'Boi 087', 'M', '2024-12-01', 140.00, 'Engorda', 'Corte', 'BR0005', 'BR0006'),
('BR0088', 'Vaca 088', 'F', '2024-12-05', 90.00, 'Engorda', 'Corte', 'BR0011', 'BR0012'),
('BR0089', 'Boi 089', 'M', '2025-01-01', 120.00, 'Engorda', 'Corte', 'BR0001', 'BR0002'),
('BR0090', 'Vaca 090', 'F', '2025-01-05', 70.00, 'Engorda', 'Corte', 'BR0005', 'BR0006'),
('BR0091', 'Boi 091', 'M', '2025-02-01', 100.00, 'Engorda', 'Corte', 'BR0011', 'BR0012'),
('BR0092', 'Vaca 092', 'F', '2025-02-05', 50.00, 'Engorda', 'Corte', 'BR0001', 'BR0004'),
('BR0093', 'Boi 093', 'M', '2025-03-01', 80.00, 'Engorda', 'Corte', 'BR0005', 'BR0006'),
('BR0094', 'Vaca 094', 'F', '2025-03-05', 30.00, 'Engorda', 'Corte', 'BR0011', 'BR0012'),
('BR0095', 'Boi 095', 'M', '2025-04-01', 60.00, 'Engorda', 'Corte', 'BR0001', 'BR0002'),
('BR0096', 'Vaca 096', 'F', '2025-04-05', 10.00, 'Engorda', 'Corte', 'BR0005', 'BR0006'),
('BR0097', 'Boi 097', 'M', '2025-05-01', 40.00, 'Engorda', 'Corte', 'BR0011', 'BR0012'),
('BR0098', 'Vaca 098', 'F', '2025-05-05', 5.00, 'Engorda', 'Corte', 'BR0001', 'BR0004'),
('BR0099', 'Boi 099', 'M', '2025-06-01', 20.00, 'Engorda', 'Corte', 'BR0005', 'BR0006'),
('BR0100', 'Vaca 100', 'F', '2025-06-05', 1.00, 'Engorda', 'Corte', 'BR0011', 'BR0012'),
('BR0101', 'Boi 101', 'M', '2024-01-01', 350.00, 'Vendido', 'Corte', 'BR0001', 'BR0002'),
('BR0102', 'Vaca 102', 'F', '2024-01-05', 300.00, 'Matriz', 'Corte', 'BR0005', 'BR0006'),
('BR0103', 'Boi 103', 'M', '2024-02-01', 330.00, 'Vendido', 'Corte', 'BR0011', 'BR0012'),
('BR0104', 'Vaca 104', 'F', '2024-02-05', 280.00, 'Matriz', 'Corte', 'BR0001', 'BR0004'),
('BR0105', 'Boi 105', 'M', '2024-03-01', 310.00, 'Vendido', 'Corte', 'BR0005', 'BR0006'),
('BR0106', 'Vaca 106', 'F', '2024-03-05', 260.00, 'Matriz', 'Corte', 'BR0011', 'BR0012'),
('BR0107', 'Boi 107', 'M', '2024-04-01', 290.00, 'Vendido', 'Corte', 'BR0001', 'BR0002'),
('BR0108', 'Vaca 108', 'F', '2024-04-05', 240.00, 'Matriz', 'Corte', 'BR0005', 'BR0006'),
('BR0109', 'Boi 109', 'M', '2024-05-01', 270.00, 'Vendido', 'Corte', 'BR0011', 'BR0012'),
('BR0110', 'Vaca 110', 'F', '2024-05-05', 220.00, 'Matriz', 'Corte', 'BR0001', 'BR0004'),
('BR0111', 'Boi 111', 'M', '2024-06-01', 250.00, 'Vendido', 'Corte', 'BR0005', 'BR0006'),
('BR0112', 'Vaca 112', 'F', '2024-06-05', 200.00, 'Matriz', 'Corte', 'BR0011', 'BR0012'),
('BR0113', 'Boi 113', 'M', '2024-07-01', 230.00, 'Vendido', 'Corte', 'BR0001', 'BR0002'),
('BR0114', 'Vaca 114', 'F', '2024-07-05', 180.00, 'Matriz', 'Corte', 'BR0005', 'BR0006'),
('BR0115', 'Boi 115', 'M', '2024-08-01', 210.00, 'Vendido', 'Corte', 'BR0011', 'BR0012'),
('BR0116', 'Vaca 116', 'F', '2024-08-05', 160.00, 'Matriz', 'Corte', 'BR0001', 'BR0004'),
('BR0117', 'Boi 117', 'M', '2024-09-01', 190.00, 'Vendido', 'Corte', 'BR0005', 'BR0006'),
('BR0118', 'Vaca 118', 'F', '2024-09-05', 140.00, 'Matriz', 'Corte', 'BR0011', 'BR0012'),
('BR0119', 'Boi 119', 'M', '2024-10-01', 170.00, 'Vendido', 'Corte', 'BR0001', 'BR0002'),
('BR0120', 'Vaca 120', 'F', '2024-10-05', 120.00, 'Matriz', 'Corte', 'BR0005', 'BR0006'),
('BR0121', 'Boi 121', 'M', '2024-11-01', 150.00, 'Vendido', 'Corte', 'BR0011', 'BR0012'),
('BR0122', 'Vaca 122', 'F', '2024-11-05', 100.00, 'Matriz', 'Corte', 'BR0001', 'BR0004'),
('BR0123', 'Boi 123', 'M', '2024-12-01', 130.00, 'Vendido', 'Corte', 'BR0005', 'BR0006'),
('BR0124', 'Vaca 124', 'F', '2024-12-05', 80.00, 'Matriz', 'Corte', 'BR0011', 'BR0012'),
('BR0125', 'Boi 125', 'M', '2025-01-01', 110.00, 'Vendido', 'Corte', 'BR0001', 'BR0002'),
('BR0126', 'Vaca 126', 'F', '2025-01-05', 60.00, 'Matriz', 'Corte', 'BR0005', 'BR0006'),
('BR0127', 'Boi 127', 'M', '2025-02-01', 90.00, 'Vendido', 'Corte', 'BR0011', 'BR0012'),
('BR0128', 'Vaca 128', 'F', '2025-02-05', 40.00, 'Matriz', 'Corte', 'BR0001', 'BR0004'),
('BR0129', 'Boi 129', 'M', '2025-03-01', 70.00, 'Vendido', 'Corte', 'BR0005', 'BR0006'),
('BR0130', 'Vaca 130', 'F', '2025-03-05', 20.00, 'Matriz', 'Corte', 'BR0011', 'BR0012'),
('BR0131', 'Boi 131', 'M', '2025-04-01', 50.00, 'Vendido', 'Corte', 'BR0001', 'BR0002'),
('BR0132', 'Vaca 132', 'F', '2025-04-05', 5.00, 'Matriz', 'Corte', 'BR0005', 'BR0006'),
('BR0133', 'Boi 133', 'M', '2025-05-01', 30.00, 'Vendido', 'Corte', 'BR0011', 'BR0012'),
('BR0134', 'Vaca 134', 'F', '2025-05-05', 1.00, 'Matriz', 'Corte', 'BR0001', 'BR0004'),
('BR0135', 'Boi 135', 'M', '2025-06-01', 10.00, 'Vendido', 'Corte', 'BR0005', 'BR0006'),
('BR0136', 'Vaca 136', 'F', '2023-01-10', 580.00, 'Matriz', 'Corte', NULL, NULL),
('BR0137', 'Boi 137', 'M', '2023-01-15', 610.00, 'Engorda', 'Corte', 'BR0001', 'BR0136'),
('BR0138', 'Vaca 138', 'F', '2023-02-10', 520.00, 'Matriz', 'Corte', 'BR0005', 'BR0136'),
('BR0139', 'Boi 139', 'M', '2023-03-10', 550.00, 'Engorda', 'Corte', 'BR0011', 'BR0136'),
('BR0140', 'Vaca 140', 'F', '2023-04-10', 490.00, 'Matriz', 'Corte', 'BR0001', 'BR0002'),
('BR0141', 'Boi 141', 'M', '2023-05-10', 520.00, 'Engorda', 'Corte', 'BR0005', 'BR0136'),
('BR0142', 'Vaca 142', 'F', '2023-06-10', 460.00, 'Matriz', 'Corte', 'BR0011', 'BR0002'),
('BR0143', 'Boi 143', 'M', '2023-07-10', 490.00, 'Engorda', 'Corte', 'BR0001', 'BR0136'),
('BR0144', 'Vaca 144', 'F', '2023-08-10', 430.00, 'Matriz', 'Corte', 'BR0005', 'BR0002'),
('BR0145', 'Boi 145', 'M', '2023-09-10', 460.00, 'Engorda', 'Corte', 'BR0011', 'BR0136'),
('BR0146', 'Vaca 146', 'F', '2023-10-10', 400.00, 'Matriz', 'Corte', 'BR0001', 'BR0002'),
('BR0147', 'Boi 147', 'M', '2023-11-10', 430.00, 'Engorda', 'Corte', 'BR0005', 'BR0136'),
('BR0148', 'Vaca 148', 'F', '2023-12-10', 370.00, 'Matriz', 'Corte', 'BR0011', 'BR0002'),
('BR0149', 'Boi 149', 'M', '2024-01-10', 400.00, 'Engorda', 'Corte', 'BR0001', 'BR0136'),
('BR0150', 'Vaca 150', 'F', '2024-02-10', 340.00, 'Matriz', 'Corte', 'BR0005', 'BR0002');



INSERT INTO PASTO (nome_pasto, area_hectares, capacidade_max_cabecas, responsavel_id) VALUES
('Pasto 01 - Principal', 100.00, 200, 3), -- Gerente de Pecuária
('Pasto 02 - Recria', 150.50, 250, 4),  -- Capataz
('Pasto 03 - Confinamento', 50.50, 400, 3),
('Pasto 04 - Matrizes', 200.00, 300, 4),
('Pasto 05 - Quarentena', 20.00, 50, 2), -- Veterinário Chefe
('Pasto 06 - Touros', 80.00, 30, 4),
('Pasto 07 - Venda', 30.00, 100, 3),
('Pasto 08 - Emergência', 10.00, 20, 2),
('Pasto 09 - Novilhas', 120.00, 150, 4),
('Pasto 10 - Reserva', 50.00, 80, 3);


INSERT INTO LOTE (nome_lote, data_entrada, objetivo, pasto_id, lider_lote_brinco) VALUES
('Lote A01 - Engorda', '2024-01-01', 'Engorda', 3, 'BR0005'),
('Lote B02 - Recria', '2024-01-15', 'Recria', 2, 'BR0003'),
('Lote C03 - Matrizes', '2024-02-01', 'Matriz', 4, 'BR0002'),
('Lote D04 - Reprodutores', '2024-03-01', 'Reprodutor', 6, 'BR0001'),
('Lote E05 - Venda Rápida', '2024-04-01', 'Venda', 7, 'BR0081'),
('Lote F06 - Engorda', '2024-04-15', 'Engorda', 3, 'BR0041'),
('Lote G07 - Recria', '2024-05-01', 'Recria', 2, 'BR0007'),
('Lote H08 - Matrizes', '2024-06-01', 'Matriz', 4, 'BR0006'),
('Lote I09 - Engorda', '2024-06-15', 'Engorda', 3, 'BR0042'),
('Lote J10 - Novilhas', '2024-07-01', 'Recria', 9, 'BR0008'),
('Lote K11 - Engorda', '2024-07-15', 'Engorda', 3, 'BR0043'),
('Lote L12 - Recria', '2024-08-01', 'Recria', 2, 'BR0009'),
('Lote M13 - Engorda', '2024-08-15', 'Engorda', 3, 'BR0044'),
('Lote N14 - Recria', '2024-09-01', 'Recria', 2, 'BR0010'),
('Lote O15 - Engorda', '2024-09-15', 'Engorda', 3, 'BR0045'),
('Lote P16 - Recria', '2024-10-01', 'Recria', 2, 'BR0013'),
('Lote Q17 - Engorda', '2024-10-15', 'Engorda', 3, 'BR0046'),
('Lote R18 - Novilhas', '2024-11-01', 'Recria', 9, 'BR0014'),
('Lote S19 - Engorda', '2024-11-15', 'Engorda', 3, 'BR0047'),
('Lote T20 - Recria', '2024-12-01', 'Recria', 2, 'BR0015'),
('Lote 21', '2025-01-01', 'Engorda', 3, 'BR0048'),
('Lote 22', '2025-01-15', 'Recria', 2, 'BR0016'),
('Lote 23', '2025-02-01', 'Engorda', 3, 'BR0049'),
('Lote 24', '2025-02-15', 'Recria', 2, 'BR0017'),
('Lote 25', '2025-03-01', 'Engorda', 3, 'BR0050'),
('Lote 26', '2025-03-15', 'Recria', 2, 'BR0018'),
('Lote 27', '2025-04-01', 'Engorda', 3, 'BR0051'),
('Lote 28', '2025-04-15', 'Recria', 2, 'BR0019'),
('Lote 29', '2025-05-01', 'Engorda', 3, 'BR0052'),
('Lote 30', '2025-05-15', 'Recria', 2, 'BR0020'),
('Lote 31', '2025-06-01', 'Engorda', 3, 'BR0053'),
('Lote 32', '2025-06-15', 'Recria', 2, 'BR0021'),
('Lote 33', '2025-07-01', 'Engorda', 3, 'BR0054'),
('Lote 34', '2025-07-15', 'Recria', 2, 'BR0022'),
('Lote 35', '2025-08-01', 'Engorda', 3, 'BR0055'),
('Lote 36', '2025-08-15', 'Recria', 2, 'BR0023'),
('Lote 37', '2025-09-01', 'Engorda', 3, 'BR0056'),
('Lote 38', '2025-09-15', 'Recria', 2, 'BR0024'),
('Lote 39', '2025-10-01', 'Engorda', 3, 'BR0057'),
('Lote 40', '2025-10-15', 'Recria', 2, 'BR0025'),
('Lote 41', '2025-11-01', 'Engorda', 3, 'BR0058'),
('Lote 42', '2025-11-15', 'Recria', 2, 'BR0026'),
('Lote 43', '2025-12-01', 'Engorda', 3, 'BR0059'),
('Lote 44', '2025-12-15', 'Recria', 2, 'BR0027'),
('Lote 45', '2026-01-01', 'Engorda', 3, 'BR0060'),
('Lote 46', '2026-01-15', 'Recria', 2, 'BR0028'),
('Lote 47', '2026-02-01', 'Engorda', 3, 'BR0061'),
('Lote 48', '2026-02-15', 'Recria', 2, 'BR0029'),
('Lote 49', '2026-03-01', 'Engorda', 3, 'BR0062'),
('Lote 50', '2026-03-15', 'Recria', 2, 'BR0030'),
('Lote 51', '2026-04-01', 'Engorda', 3, 'BR0063'),
('Lote 52', '2026-04-15', 'Recria', 2, 'BR0031'),
('Lote 53', '2026-05-01', 'Engorda', 3, 'BR0064'),
('Lote 54', '2026-05-15', 'Recria', 2, 'BR0032'),
('Lote 55', '2026-06-01', 'Engorda', 3, 'BR0065'),
('Lote 56', '2026-06-15', 'Recria', 2, 'BR0033'),
('Lote 57', '2026-07-01', 'Engorda', 3, 'BR0066'),
('Lote 58', '2026-07-15', 'Recria', 2, 'BR0034'),
('Lote 59', '2026-08-01', 'Engorda', 3, 'BR0067'),
('Lote 60', '2026-08-15', 'Recria', 2, 'BR0035'),
('Lote 61', '2026-09-01', 'Engorda', 3, 'BR0068'),
('Lote 62', '2026-09-15', 'Recria', 2, 'BR0036'),
('Lote 63', '2026-10-01', 'Engorda', 3, 'BR0069'),
('Lote 64', '2026-10-15', 'Recria', 2, 'BR0037'),
('Lote 65', '2026-11-01', 'Engorda', 3, 'BR0070'),
('Lote 66', '2026-11-15', 'Recria', 2, 'BR0038'),
('Lote 67', '2026-12-01', 'Engorda', 3, 'BR0071'),
('Lote 68', '2026-12-15', 'Recria', 2, 'BR0039'),
('Lote 69', '2027-01-01', 'Engorda', 3, 'BR0072'),
('Lote 70', '2027-01-15', 'Recria', 2, 'BR0040'),
('Lote 71', '2027-02-01', 'Engorda', 3, 'BR0073'),
('Lote 72', '2027-02-15', 'Recria', 2, 'BR0041'),
('Lote 73', '2027-03-01', 'Engorda', 3, 'BR0074'),
('Lote 74', '2027-03-15', 'Recria', 2, 'BR0042'),
('Lote 75', '2027-04-01', 'Engorda', 3, 'BR0075'),
('Lote 76', '2027-04-15', 'Recria', 2, 'BR0043'),
('Lote 77', '2027-05-01', 'Engorda', 3, 'BR0076'),
('Lote 78', '2027-05-15', 'Recria', 2, 'BR0044'),
('Lote 79', '2027-06-01', 'Engorda', 3, 'BR0077'),
('Lote 80', '2027-06-15', 'Recria', 2, 'BR0045'),
('Lote 81', '2027-07-01', 'Engorda', 3, 'BR0078'),
('Lote 82', '2027-07-15', 'Recria', 2, 'BR0046'),
('Lote 83', '2027-08-01', 'Engorda', 3, 'BR0079'),
('Lote 84', '2027-08-15', 'Recria', 2, 'BR0047'),
('Lote 85', '2027-09-01', 'Engorda', 3, 'BR0080'),
('Lote 86', '2027-09-15', 'Recria', 2, 'BR0048'),
('Lote 87', '2027-10-01', 'Engorda', 3, 'BR0082'),
('Lote 88', '2027-10-15', 'Recria', 2, 'BR0049'),
('Lote 89', '2027-11-01', 'Engorda', 3, 'BR0083'),
('Lote 90', '2027-11-15', 'Recria', 2, 'BR0050'),
('Lote 91', '2027-12-01', 'Engorda', 3, 'BR0084'),
('Lote 92', '2027-12-15', 'Recria', 2, 'BR0051'),
('Lote 93', '2028-01-01', 'Engorda', 3, 'BR0085'),
('Lote 94', '2028-01-15', 'Recria', 2, 'BR0052'),
('Lote 95', '2028-02-01', 'Engorda', 3, 'BR0086'),
('Lote 96', '2028-02-15', 'Recria', 2, 'BR0053'),
('Lote 97', '2028-03-01', 'Engorda', 3, 'BR0087'),
('Lote 98', '2028-03-15', 'Recria', 2, 'BR0054'),
('Lote 99', '2028-04-01', 'Engorda', 3, 'BR0088'),
('Lote 100', '2028-04-15', 'Recria', 2, 'BR0055');

INSERT INTO MOVIMENTO_LOTE (bovino_brinco, lote_id, data_movimento, tipo_movimento) VALUES
('BR0005', 1, '2024-01-01', 'Entrada'),
('BR0003', 2, '2024-01-15', 'Entrada'),
('BR0002', 3, '2024-02-01', 'Entrada'),
('BR0001', 4, '2024-03-01', 'Entrada'),
('BR0081', 5, '2024-04-01', 'Entrada'),
('BR0041', 6, '2024-04-15', 'Entrada'),
('BR0007', 7, '2024-05-01', 'Entrada'),
('BR0006', 8, '2024-06-01', 'Entrada'),
('BR0042', 9, '2024-06-15', 'Entrada'),
('BR0008', 10, '2024-07-01', 'Entrada'),
('BR0043', 11, '2024-07-15', 'Entrada'),
('BR0009', 12, '2024-08-01', 'Entrada'),
('BR0044', 13, '2024-08-15', 'Entrada'),
('BR0010', 14, '2024-09-01', 'Entrada'),
('BR0045', 15, '2024-09-15', 'Entrada'),
('BR0013', 16, '2024-10-01', 'Entrada'),
('BR0046', 17, '2024-10-15', 'Entrada'),
('BR0014', 18, '2024-11-01', 'Entrada'),
('BR0047', 19, '2024-11-15', 'Entrada'),
('BR0015', 20, '2024-12-01', 'Entrada'),
('BR0048', 21, '2025-01-01', 'Entrada'),
('BR0016', 22, '2025-01-15', 'Entrada'),
('BR0049', 23, '2025-02-01', 'Entrada'),
('BR0017', 24, '2025-02-15', 'Entrada'),
('BR0050', 25, '2025-03-01', 'Entrada'),
('BR0018', 26, '2025-03-15', 'Entrada'),
('BR0051', 27, '2025-04-01', 'Entrada'),
('BR0019', 28, '2025-04-15', 'Entrada'),
('BR0052', 29, '2025-05-01', 'Entrada'),
('BR0020', 30, '2025-05-15', 'Entrada'),
('BR0053', 31, '2025-06-01', 'Entrada'),
('BR0021', 32, '2025-06-15', 'Entrada'),
('BR0054', 33, '2025-07-01', 'Entrada'),
('BR0022', 34, '2025-07-15', 'Entrada'),
('BR0055', 35, '2025-08-01', 'Entrada'),
('BR0023', 36, '2025-08-15', 'Entrada'),
('BR0056', 37, '2025-09-01', 'Entrada'),
('BR0024', 38, '2025-09-15', 'Entrada'),
('BR0057', 39, '2025-10-01', 'Entrada'),
('BR0025', 40, '2025-10-15', 'Entrada'),
('BR0058', 41, '2025-11-01', 'Entrada'),
('BR0026', 42, '2025-11-15', 'Entrada'),
('BR0059', 43, '2025-12-01', 'Entrada'),
('BR0027', 44, '2025-12-15', 'Entrada'),
('BR0060', 45, '2026-01-01', 'Entrada'),
('BR0028', 46, '2026-01-15', 'Entrada'),
('BR0061', 47, '2026-02-01', 'Entrada'),
('BR0029', 48, '2026-02-15', 'Entrada'),
('BR0062', 49, '2026-03-01', 'Entrada'),
('BR0030', 50, '2026-03-15', 'Entrada'),
('BR0063', 51, '2026-04-01', 'Entrada'),
('BR0031', 52, '2026-04-15', 'Entrada'),
('BR0064', 53, '2026-05-01', 'Entrada'),
('BR0032', 54, '2026-05-15', 'Entrada'),
('BR0065', 55, '2026-06-01', 'Entrada'),
('BR0033', 56, '2026-06-15', 'Entrada'),
('BR0066', 57, '2026-07-01', 'Entrada'),
('BR0034', 58, '2026-07-15', 'Entrada'),
('BR0067', 59, '2026-08-01', 'Entrada'),
('BR0035', 60, '2026-08-15', 'Entrada'),
('BR0068', 61, '2026-09-01', 'Entrada'),
('BR0036', 62, '2026-09-15', 'Entrada'),
('BR0069', 63, '2026-10-01', 'Entrada'),
('BR0037', 64, '2026-10-15', 'Entrada'),
('BR0070', 65, '2026-11-01', 'Entrada'),
('BR0038', 66, '2026-11-15', 'Entrada'),
('BR0071', 67, '2026-12-01', 'Entrada'),
('BR0039', 68, '2026-12-15', 'Entrada'),
('BR0072', 69, '2027-01-01', 'Entrada'),
('BR0040', 70, '2027-01-15', 'Entrada'),
('BR0073', 71, '2027-02-01', 'Entrada'),
('BR0041', 72, '2027-02-15', 'Entrada'),
('BR0074', 73, '2027-03-01', 'Entrada'),
('BR0042', 74, '2027-03-15', 'Entrada'),
('BR0075', 75, '2027-04-01', 'Entrada'),
('BR0043', 76, '2027-04-15', 'Entrada'),
('BR0076', 77, '2027-05-01', 'Entrada'),
('BR0044', 78, '2027-05-15', 'Entrada'),
('BR0077', 79, '2027-06-01', 'Entrada'),
('BR0045', 80, '2027-06-15', 'Entrada'),
('BR0078', 81, '2027-07-01', 'Entrada'),
('BR0046', 82, '2027-07-15', 'Entrada'),
('BR0079', 83, '2027-08-01', 'Entrada'),
('BR0047', 84, '2027-08-15', 'Entrada'),
('BR0080', 85, '2027-09-01', 'Entrada'),
('BR0048', 86, '2027-09-15', 'Entrada'),
('BR0082', 87, '2027-10-01', 'Entrada'),
('BR0049', 88, '2027-10-15', 'Entrada'),
('BR0083', 89, '2027-11-01', 'Entrada'),
('BR0050', 90, '2027-11-15', 'Entrada'),
('BR0084', 91, '2027-12-01', 'Entrada'),
('BR0051', 92, '2027-12-15', 'Entrada'),
('BR0085', 93, '2028-01-01', 'Entrada'),
('BR0052', 94, '2028-01-15', 'Entrada'),
('BR0086', 95, '2028-02-01', 'Entrada'),
('BR0053', 96, '2028-02-15', 'Entrada'),
('BR0087', 97, '2028-03-01', 'Entrada'),
('BR0054', 98, '2028-03-15', 'Entrada'),
('BR0088', 99, '2028-04-01', 'Entrada'),
('BR0055', 100, '2028-04-15', 'Entrada'),
-- Movimentos de Saída (transferência para outros lotes ou venda)
('BR0005', 1, '2024-03-01', 'Saída'),
('BR0005', 6, '2024-03-01', 'Entrada'),
('BR0041', 6, '2024-06-01', 'Saída'),
('BR0041', 11, '2024-06-01', 'Entrada'),
('BR0007', 7, '2024-09-01', 'Saída'),
('BR0007', 12, '2024-09-01', 'Entrada'),
('BR0042', 9, '2024-11-01', 'Saída'),
('BR0042', 17, '2024-11-01', 'Entrada'),
('BR0008', 10, '2024-12-01', 'Saída'),
('BR0008', 18, '2024-12-01', 'Entrada'),
('BR0043', 11, '2025-01-01', 'Saída'),
('BR0043', 19, '2025-01-01', 'Entrada'),
('BR0009', 12, '2025-02-01', 'Saída'),
('BR0009', 20, '2025-02-01', 'Entrada'),
('BR0044', 13, '2025-03-01', 'Saída'),
('BR0044', 21, '2025-03-01', 'Entrada'),
('BR0010', 14, '2025-04-01', 'Saída'),
('BR0010', 22, '2025-04-01', 'Entrada'),
('BR0045', 15, '2025-05-01', 'Saída'),
('BR0045', 23, '2025-05-01', 'Entrada'),
('BR0013', 16, '2025-06-01', 'Saída'),
('BR0013', 24, '2025-06-01', 'Entrada'),
('BR0046', 17, '2025-07-01', 'Saída'),
('BR0046', 25, '2025-07-01', 'Entrada'),
('BR0014', 18, '2025-08-01', 'Saída'),
('BR0014', 26, '2025-08-01', 'Entrada'),
('BR0047', 19, '2025-09-01', 'Saída'),
('BR0047', 27, '2025-09-01', 'Entrada'),
('BR0015', 20, '2025-10-01', 'Saída'),
('BR0015', 28, '2025-10-01', 'Entrada'),
('BR0048', 21, '2025-11-01', 'Saída'),
('BR0048', 29, '2025-11-01', 'Entrada'),
('BR0016', 22, '2025-12-01', 'Saída'),
('BR0016', 30, '2025-12-01', 'Entrada'),
('BR0049', 23, '2026-01-01', 'Saída'),
('BR0049', 31, '2026-01-01', 'Entrada'),
('BR0017', 24, '2026-02-01', 'Saída'),
('BR0017', 32, '2026-02-01', 'Entrada'),
('BR0050', 25, '2026-03-01', 'Saída'),
('BR0050', 33, '2026-03-01', 'Entrada'),
('BR0018', 26, '2026-04-01', 'Saída'),
('BR0018', 34, '2026-04-01', 'Entrada'),
('BR0051', 27, '2026-05-01', 'Saída'),
('BR0051', 35, '2026-05-01', 'Entrada'),
('BR0019', 28, '2026-06-01', 'Saída'),
('BR0019', 36, '2026-06-01', 'Entrada'),
('BR0052', 29, '2026-07-01', 'Saída'),
('BR0052', 37, '2026-07-01', 'Entrada'),
('BR0020', 30, '2026-08-01', 'Saída'),
('BR0020', 38, '2026-08-01', 'Entrada');


INSERT INTO TRATAMENTO (nome_tratamento, data_aplicacao, dosagem, bovino_brinco, aplicador_id, fornecedor_id) VALUES
('Vacina Aftosa', '2024-03-01', '5ml', 'BR0003', 2, 1),
('Vermifugação', '2024-03-05', '10ml', 'BR0004', 2, 2),
('Antibiótico', '2024-03-10', 'Dose Única', 'BR0001', 2, 3),
('Suplementação Vitamínica', '2024-04-01', '20g', 'BR0005', 5, 4),
('Vacina Aftosa', '2024-04-01', '5ml', 'BR0002', 2, 1),
('Vermifugação', '2024-04-10', '10ml', 'BR0006', 2, 2),
('Vacina Aftosa', '2024-05-01', '5ml', 'BR0007', 2, 1),
('Vermifugação', '2024-05-05', '10ml', 'BR0008', 2, 2),
('Vacina Aftosa', '2024-06-01', '5ml', 'BR0009', 2, 1),
('Vermifugação', '2024-06-05', '10ml', 'BR0010', 2, 2),
('Vacina Aftosa', '2024-07-01', '5ml', 'BR0011', 2, 1),
('Vermifugação', '2024-07-05', '10ml', 'BR0012', 2, 2),
('Vacina Aftosa', '2024-08-01', '5ml', 'BR0013', 2, 1),
('Vermifugação', '2024-08-05', '10ml', 'BR0014', 2, 2),
('Vacina Aftosa', '2024-09-01', '5ml', 'BR0015', 2, 1),
('Vermifugação', '2024-09-05', '10ml', 'BR0016', 2, 2),
('Vacina Aftosa', '2024-10-01', '5ml', 'BR0017', 2, 1),
('Vermifugação', '2024-10-05', '10ml', 'BR0018', 2, 2),
('Vacina Aftosa', '2024-11-01', '5ml', 'BR0019', 2, 1),
('Vermifugação', '2024-11-05', '10ml', 'BR0020', 2, 2),
('Vacina Aftosa', '2024-12-01', '5ml', 'BR0021', 2, 1),
('Vermifugação', '2024-12-05', '10ml', 'BR0022', 2, 2),
('Vacina Aftosa', '2025-01-01', '5ml', 'BR0023', 2, 1),
('Vermifugação', '2025-01-05', '10ml', 'BR0024', 2, 2),
('Vacina Aftosa', '2025-02-01', '5ml', 'BR0025', 2, 1),
('Vermifugação', '2025-02-05', '10ml', 'BR0026', 2, 2),
('Vacina Aftosa', '2025-03-01', '5ml', 'BR0027', 2, 1),
('Vermifugação', '2025-03-05', '10ml', 'BR0028', 2, 2),
('Vacina Aftosa', '2025-04-01', '5ml', 'BR0029', 2, 1),
('Vermifugação', '2025-04-05', '10ml', 'BR0030', 2, 2),
('Vacina Aftosa', '2025-05-01', '5ml', 'BR0031', 2, 1),
('Vermifugação', '2025-05-05', '10ml', 'BR0032', 2, 2),
('Vacina Aftosa', '2025-06-01', '5ml', 'BR0033', 2, 1),
('Vermifugação', '2025-06-05', '10ml', 'BR0034', 2, 2),
('Vacina Aftosa', '2025-07-01', '5ml', 'BR0035', 2, 1),
('Vermifugação', '2025-07-05', '10ml', 'BR0036', 2, 2),
('Vacina Aftosa', '2025-08-01', '5ml', 'BR0037', 2, 1),
('Vermifugação', '2025-08-05', '10ml', 'BR0038', 2, 2),
('Vacina Aftosa', '2025-09-01', '5ml', 'BR0039', 2, 1),
('Vermifugação', '2025-09-05', '10ml', 'BR0040', 2, 2),
('Vacina Aftosa', '2025-10-01', '5ml', 'BR0041', 2, 1),
('Vermifugação', '2025-10-05', '10ml', 'BR0042', 2, 2),
('Vacina Aftosa', '2025-11-01', '5ml', 'BR0043', 2, 1),
('Vermifugação', '2025-11-05', '10ml', 'BR0044', 2, 2),
('Vacina Aftosa', '2025-12-01', '5ml', 'BR0045', 2, 1),
('Vermifugação', '2025-12-05', '10ml', 'BR0046', 2, 2),
('Vacina Aftosa', '2026-01-01', '5ml', 'BR0047', 2, 1),
('Vermifugação', '2026-01-05', '10ml', 'BR0048', 2, 2),
('Vacina Aftosa', '2026-02-01', '5ml', 'BR0049', 2, 1),
('Vermifugação', '2026-02-05', '10ml', 'BR0050', 2, 2),
('Vacina Aftosa', '2026-03-01', '5ml', 'BR0051', 2, 1),
('Vermifugação', '2026-03-05', '10ml', 'BR0052', 2, 2),
('Vacina Aftosa', '2026-04-01', '5ml', 'BR0053', 2, 1),
('Vermifugação', '2026-04-05', '10ml', 'BR0054', 2, 2),
('Vacina Aftosa', '2026-05-01', '5ml', 'BR0055', 2, 1),
('Vermifugação', '2026-05-05', '10ml', 'BR0056', 2, 2),
('Vacina Aftosa', '2026-06-01', '5ml', 'BR0057', 2, 1),
('Vermifugação', '2026-06-05', '10ml', 'BR0058', 2, 2),
('Vacina Aftosa', '2026-07-01', '5ml', 'BR0059', 2, 1),
('Vermifugação', '2026-07-05', '10ml', 'BR0060', 2, 2),
('Vacina Aftosa', '2026-08-01', '5ml', 'BR0061', 2, 1),
('Vermifugação', '2026-08-05', '10ml', 'BR0062', 2, 2),
('Vacina Aftosa', '2026-09-01', '5ml', 'BR0063', 2, 1),
('Vermifugação', '2026-09-05', '10ml', 'BR0064', 2, 2),
('Vacina Aftosa', '2026-10-01', '5ml', 'BR0065', 2, 1),
('Vermifugação', '2026-10-05', '10ml', 'BR0066', 2, 2),
('Vacina Aftosa', '2026-11-01', '5ml', 'BR0067', 2, 1),
('Vermifugação', '2026-11-05', '10ml', 'BR0068', 2, 2),
('Vacina Aftosa', '2026-12-01', '5ml', 'BR0069', 2, 1),
('Vermifugação', '2026-12-05', '10ml', 'BR0070', 2, 2),
('Vacina Aftosa', '2027-01-01', '5ml', 'BR0071', 2, 1),
('Vermifugação', '2027-01-05', '10ml', 'BR0072', 2, 2),
('Vacina Aftosa', '2027-02-01', '5ml', 'BR0073', 2, 1),
('Vermifugação', '2027-02-05', '10ml', 'BR0074', 2, 2),
('Vacina Aftosa', '2027-03-01', '5ml', 'BR0075', 2, 1),
('Vermifugação', '2027-03-05', '10ml', 'BR0076', 2, 2),
('Vacina Aftosa', '2027-04-01', '5ml', 'BR0077', 2, 1),
('Vermifugação', '2027-04-05', '10ml', 'BR0078', 2, 2),
('Vacina Aftosa', '2027-05-01', '5ml', 'BR0079', 2, 1),
('Vermifugação', '2027-05-05', '10ml', 'BR0080', 2, 2),
('Vacina Aftosa', '2027-06-01', '5ml', 'BR0081', 2, 1),
('Vermifugação', '2027-06-05', '10ml', 'BR0082', 2, 2),
('Vacina Aftosa', '2027-07-01', '5ml', 'BR0083', 2, 1),
('Vermifugação', '2027-07-05', '10ml', 'BR0084', 2, 2),
('Vacina Aftosa', '2027-08-01', '5ml', 'BR0085', 2, 1),
('Vermifugação', '2027-08-05', '10ml', 'BR0086', 2, 2),
('Vacina Aftosa', '2027-09-01', '5ml', 'BR0087', 2, 1),
('Vermifugação', '2027-09-05', '10ml', 'BR0088', 2, 2),
('Vacina Aftosa', '2027-10-01', '5ml', 'BR0089', 2, 1),
('Vermifugação', '2027-10-05', '10ml', 'BR0090', 2, 2),
('Vacina Aftosa', '2027-11-01', '5ml', 'BR0091', 2, 1),
('Vermifugação', '2027-11-05', '10ml', 'BR0092', 2, 2),
('Vacina Aftosa', '2027-12-01', '5ml', 'BR0093', 2, 1),
('Vermifugação', '2027-12-05', '10ml', 'BR0094', 2, 2),
('Vacina Aftosa', '2028-01-01', '5ml', 'BR0095', 2, 1),
('Vermifugação', '2028-01-05', '10ml', 'BR0096', 2, 2),
('Vacina Aftosa', '2028-02-01', '5ml', 'BR0097', 2, 1),
('Vermifugação', '2028-02-05', '10ml', 'BR0098', 2, 2),
('Vacina Aftosa', '2028-03-01', '5ml', 'BR0099', 2, 1),
('Vermifugação', '2028-03-05', '10ml', 'BR0100', 2, 2),
('Vacina Raiva', '2024-04-01', '2ml', 'BR0001', 2, 5),
('Vacina Raiva', '2024-04-01', '2ml', 'BR0002', 2, 5),
('Vacina Raiva', '2024-04-01', '2ml', 'BR0003', 2, 5),
('Vacina Raiva', '2024-04-01', '2ml', 'BR0004', 2, 5),
('Vacina Raiva', '2024-04-01', '2ml', 'BR0005', 2, 5),
('Vacina Raiva', '2024-04-01', '2ml', 'BR0006', 2, 5),
('Vacina Raiva', '2024-04-01', '2ml', 'BR0007', 2, 5),
('Vacina Raiva', '2024-04-01', '2ml', 'BR0008', 2, 5),
('Vacina Raiva', '2024-04-01', '2ml', 'BR0009', 2, 5),
('Vacina Raiva', '2024-04-01', '2ml', 'BR0010', 2, 5),
('Vacina Raiva', '2024-04-01', '2ml', 'BR0011', 2, 5),
('Vacina Raiva', '2024-04-01', '2ml', 'BR0012', 2, 5),
('Vacina Raiva', '2024-04-01', '2ml', 'BR0013', 2, 5),
('Vacina Raiva', '2024-04-01', '2ml', 'BR0014', 2, 5),
('Vacina Raiva', '2024-04-01', '2ml', 'BR0015', 2, 5),
('Vacina Raiva', '2024-04-01', '2ml', 'BR0016', 2, 5),
('Vacina Raiva', '2024-04-01', '2ml', 'BR0017', 2, 5),
('Vacina Raiva', '2024-04-01', '2ml', 'BR0018', 2, 5),
('Vacina Raiva', '2024-04-01', '2ml', 'BR0019', 2, 5),
('Vacina Raiva', '2024-04-01', '2ml', 'BR0020', 2, 5),
('Vacina Raiva', '2024-04-01', '2ml', 'BR0021', 2, 5),
('Vacina Raiva', '2024-04-01', '2ml', 'BR0022', 2, 5),
('Vacina Raiva', '2024-04-01', '2ml', 'BR0023', 2, 5),
('Vacina Raiva', '2024-04-01', '2ml', 'BR0024', 2, 5),
('Vacina Raiva', '2024-04-01', '2ml', 'BR0025', 2, 5),
('Vacina Raiva', '2024-04-01', '2ml', 'BR0026', 2, 5),
('Vacina Raiva', '2024-04-01', '2ml', 'BR0027', 2, 5),
('Vacina Raiva', '2024-04-01', '2ml', 'BR0028', 2, 5),
('Vacina Raiva', '2024-04-01', '2ml', 'BR0029', 2, 5),
('Vacina Raiva', '2024-04-01', '2ml', 'BR0030', 2, 5),
('Vacina Raiva', '2024-04-01', '2ml', 'BR0031', 2, 5),
('Vacina Raiva', '2024-04-01', '2ml', 'BR0032', 2, 5),
('Vacina Raiva', '2024-04-01', '2ml', 'BR0033', 2, 5),
('Vacina Raiva', '2024-04-01', '2ml', 'BR0034', 2, 5),
('Vacina Raiva', '2024-04-01', '2ml', 'BR0035', 2, 5),
('Vacina Raiva', '2024-04-01', '2ml', 'BR0036', 2, 5),
('Vacina Raiva', '2024-04-01', '2ml', 'BR0037', 2, 5),
('Vacina Raiva', '2024-04-01', '2ml', 'BR0038', 2, 5),
('Vacina Raiva', '2024-04-01', '2ml', 'BR0039', 2, 5),
('Vacina Raiva', '2024-04-01', '2ml', 'BR0040', 2, 5),
('Vacina Raiva', '2024-04-01', '2ml', 'BR0041', 2, 5),
('Vacina Raiva', '2024-04-01', '2ml', 'BR0042', 2, 5),
('Vacina Raiva', '2024-04-01', '2ml', 'BR0043', 2, 5),
('Vacina Raiva', '2024-04-01', '2ml', 'BR0044', 2, 5),
('Vacina Raiva', '2024-04-01', '2ml', 'BR0045', 2, 5),
('Vacina Raiva', '2024-04-01', '2ml', 'BR0046', 2, 5),
('Vacina Raiva', '2024-04-01', '2ml', 'BR0047', 2, 5),
('Vacina Raiva', '2024-04-01', '2ml', 'BR0048', 2, 5),
('Vacina Raiva', '2024-04-01', '2ml', 'BR0049', 2, 5),
('Vacina Raiva', '2024-04-01', '2ml', 'BR0050', 2, 5),
('Vacina Raiva', '2024-04-01', '2ml', 'BR0051', 2, 5),
('Vacina Raiva', '2024-04-01', '2ml', 'BR0052', 2, 5),
('Vacina Raiva', '2024-04-01', '2ml', 'BR0053', 2, 5),
('Vacina Raiva', '2024-04-01', '2ml', 'BR0054', 2, 5),
('Vacina Raiva', '2024-04-01', '2ml', 'BR0055', 2, 5),
('Vacina Raiva', '2024-04-01', '2ml', 'BR0056', 2, 5),
('Vacina Raiva', '2024-04-01', '2ml', 'BR0057', 2, 5),
('Vacina Raiva', '2024-04-01', '2ml', 'BR0058', 2, 5),
('Vacina Raiva', '2024-04-01', '2ml', 'BR0059', 2, 5),
('Vacina Raiva', '2024-04-01', '2ml', 'BR0060', 2, 5),
('Vacina Raiva', '2024-04-01', '2ml', 'BR0061', 2, 5),
('Vacina Raiva', '2024-04-01', '2ml', 'BR0062', 2, 5),
('Vacina Raiva', '2024-04-01', '2ml', 'BR0063', 2, 5),
('Vacina Raiva', '2024-04-01', '2ml', 'BR0064', 2, 5),
('Vacina Raiva', '2024-04-01', '2ml', 'BR0065', 2, 5),
('Vacina Raiva', '2024-04-01', '2ml', 'BR0066', 2, 5),
('Vacina Raiva', '2024-04-01', '2ml', 'BR0067', 2, 5),
('Vacina Raiva', '2024-04-01', '2ml', 'BR0068', 2, 5),
('Vacina Raiva', '2024-04-01', '2ml', 'BR0069', 2, 5),
('Vacina Raiva', '2024-04-01', '2ml', 'BR0070', 2, 5);



